,PassengerId,Survived,Pclass,Age,SibSp,Parch,Fare,FamilySize
count,891.0,891.0,891.0,891.0,891.0,891.0,891.0,891.0
mean,446.0,0.3838383838383838,2.308641975308642,29.36158249158249,0.5230078563411896,0.38159371492704824,32.204207968574636,0.9046015712682379
std,257.3538420152301,0.4865924542648585,0.8360712409770513,13.019696550973194,1.1027434322934275,0.8060572211299559,49.6934285971809,1.6134585413550788
min,1.0,0.0,1.0,0.42,0.0,0.0,0.0,0.0
25%,223.5,0.0,2.0,22.0,0.0,0.0,7.9104,0.0
50%,446.0,0.0,3.0,28.0,0.0,0.0,14.4542,0.0
75%,668.5,1.0,3.0,35.0,1.0,0.0,31.0,1.0
max,891.0,1.0,3.0,80.0,8.0,6.0,512.3292,10.0
